ts_event_ns,bid_price,ask_price,bid_size,ask_size
1546383600000000000,109.500,109.510,1000000,1000000
1546383601000000000,109.501,109.511,1000000,1000000
1546383602000000000,109.502,109.512,1000000,1000000
1546383603000000000,109.503,109.513,1000000,1000000
1546383604000000000,109.504,109.514,1000000,1000000
1546383605000000000,109.505,109.515,1000000,1000000
1546383606000000000,109.506,109.516,1000000,1000000
1546383607000000000,109.507,109.517,1000000,1000000
1546383608000000000,109.508,109.518,1000000,1000000
1546383609000000000,109.509,109.519,1000000,1000000
1546383610000000000,109.510,109.520,1000000,1000000
1546383611000000000,109.511,109.521,1000000,1000000
1546383612000000000,109.512,109.522,1000000,1000000
1546383613000000000,109.513,109.523,1000000,1000000
1546383614000000000,109.514,109.524,1000000,1000000
1546383615000000000,109.515,109.525,1000000,1000000
1546383616000000000,109.516,109.526,1000000,1000000
1546383617000000000,109.517,109.527,1000000,1000000
1546383618000000000,109.518,109.528,1000000,1000000
1546383619000000000,109.519,109.529,1000000,1000000
1546383620000000000,109.520,109.530,1000000,1000000
1546383621000000000,109.521,109.531,1000000,1000000
1546383622000000000,109.522,109.532,1000000,1000000
1546383623000000000,109.523,109.533,1000000,1000000
1546383624000000000,109.524,109.534,1000000,1000000
1546383625000000000,109.525,109.535,1000000,1000000
1546383626000000000,109.526,109.536,1000000,1000000
1546383627000000000,109.527,109.537,1000000,1000000
1546383628000000000,109.528,109.538,1000000,1000000
1546383629000000000,109.529,109.539,1000000,1000000
1546383630000000000,109.530,109.540,1000000,1000000
1546383631000000000,109.531,109.541,1000000,1000000
1546383632000000000,109.532,109.542,1000000,1000000
1546383633000000000,109.533,109.543,1000000,1000000
1546383634000000000,109.534,109.544,1000000,1000000
1546383635000000000,109.535,109.545,1000000,1000000
1546383636000000000,109.536,109.546,1000000,1000000
1546383637000000000,109.537,109.547,1000000,1000000
1546383638000000000,109.538,109.548,1000000,1000000
1546383639000000000,109.539,109.549,1000000,1000000
1546383640000000000,109.540,109.550,1000000,1000000
1546383641000000000,109.541,109.551,1000000,1000000
1546383642000000000,109.542,109.552,1000000,1000000
1546383643000000000,109.543,109.553,1000000,1000000
1546383644000000000,109.544,109.554,1000000,1000000
1546383645000000000,109.545,109.555,1000000,1000000
1546383646000000000,109.546,109.556,1000000,1000000
1546383647000000000,109.547,109.557,1000000,1000000
1546383648000000000,109.548,109.558,1000000,1000000
1546383649000000000,109.549,109.559,1000000,1000000
1546383650000000000,109.550,109.560,1000000,1000000
1546383651000000000,109.551,109.561,1000000,1000000
1546383652000000000,109.552,109.562,1000000,1000000
1546383653000000000,109.553,109.563,1000000,1000000
1546383654000000000,109.554,109.564,1000000,1000000
1546383655000000000,109.555,109.565,1000000,1000000
1546383656000000000,109.556,109.566,1000000,1000000
1546383657000000000,109.557,109.567,1000000,1000000
1546383658000000000,109.558,109.568,1000000,1000000
1546383659000000000,109.559,109.569,1000000,1000000
1546383660000000000,109.560,109.570,1000000,1000000
1546383661000000000,109.561,109.571,1000000,1000000
1546383662000000000,109.562,109.572,1000000,1000000
1546383663000000000,109.563,109.573,1000000,1000000
1546383664000000000,109.564,109.574,1000000,1000000
1546383665000000000,109.565,109.575,1000000,1000000
1546383666000000000,109.566,109.576,1000000,1000000
1546383667000000000,109.567,109.577,1000000,1000000
1546383668000000000,109.568,109.578,1000000,1000000
1546383669000000000,109.569,109.579,1000000,1000000
1546383670000000000,109.570,109.580,1000000,1000000
1546383671000000000,109.571,109.581,1000000,1000000
1546383672000000000,109.572,109.582,1000000,1000000
1546383673000000000,109.573,109.583,1000000,1000000
1546383674000000000,109.574,109.584,1000000,1000000
1546383675000000000,109.575,109.585,1000000,1000000
1546383676000000000,109.576,109.586,1000000,1000000
1546383677000000000,109.577,109.587,1000000,1000000
1546383678000000000,109.578,109.588,1000000,1000000
1546383679000000000,109.579,109.589,1000000,1000000
1546383680000000000,109.580,109.590,1000000,1000000
1546383681000000000,109.581,109.591,1000000,1000000
1546383682000000000,109.582,109.592,1000000,1000000
1546383683000000000,109.583,109.593,1000000,1000000
1546383684000000000,109.584,109.594,1000000,1000000
1546383685000000000,109.585,109.595,1000000,1000000
1546383686000000000,109.586,109.596,1000000,1000000
1546383687000000000,109.587,109.597,1000000,1000000
1546383688000000000,109.588,109.598,1000000,1000000
1546383689000000000,109.589,109.599,1000000,1000000
1546383690000000000,109.590,109.600,1000000,1000000
1546383691000000000,109.590,109.600,1000000,1000000
1546383692000000000,109.591,109.601,1000000,1000000
1546383693000000000,109.592,109.602,1000000,1000000
1546383694000000000,109.593,109.603,1000000,1000000
1546383695000000000,109.594,109.604,1000000,1000000
1546383696000000000,109.595,109.605,1000000,1000000
1546383697000000000,109.596,109.606,1000000,1000000
1546383698000000000,109.597,109.607,1000000,1000000
1546383699000000000,109.598,109.608,1000000,1000000
1546383700000000000,109.599,109.609,1000000,1000000
1546383701000000000,109.600,109.610,1000000,1000000
1546383702000000000,109.601,109.611,1000000,1000000
1546383703000000000,109.602,109.612,1000000,1000000
1546383704000000000,109.603,109.613,1000000,1000000
1546383705000000000,109.604,109.614,1000000,1000000
1546383706000000000,109.605,109.615,1000000,1000000
1546383707000000000,109.606,109.616,1000000,1000000
1546383708000000000,109.607,109.617,1000000,1000000
1546383709000000000,109.608,109.618,1000000,1000000
1546383710000000000,109.609,109.619,1000000,1000000
1546383711000000000,109.610,109.620,1000000,1000000
1546383712000000000,109.611,109.621,1000000,1000000
1546383713000000000,109.612,109.622,1000000,1000000
1546383714000000000,109.613,109.623,1000000,1000000
1546383715000000000,109.614,109.624,1000000,1000000
1546383716000000000,109.615,109.625,1000000,1000000
1546383717000000000,109.616,109.626,1000000,1000000
1546383718000000000,109.617,109.627,1000000,1000000
1546383719000000000,109.618,109.628,1000000,1000000
1546383720000000000,109.619,109.629,1000000,1000000
1546383721000000000,109.620,109.630,1000000,1000000
1546383722000000000,109.621,109.631,1000000,1000000
1546383723000000000,109.622,109.632,1000000,1000000
1546383724000000000,109.623,109.633,1000000,1000000
1546383725000000000,109.624,109.634,1000000,1000000
1546383726000000000,109.625,109.635,1000000,1000000
1546383727000000000,109.626,109.636,1000000,1000000
1546383728000000000,109.627,109.637,1000000,1000000
1546383729000000000,109.628,109.638,1000000,1000000
1546383730000000000,109.629,109.639,1000000,1000000
1546383731000000000,109.630,109.640,1000000,1000000
1546383732000000000,109.630,109.640,1000000,1000000
1546383733000000000,109.631,109.641,1000000,1000000
1546383734000000000,109.632,109.642,1000000,1000000
1546383735000000000,109.633,109.643,1000000,1000000
1546383736000000000,109.634,109.644,1000000,1000000
1546383737000000000,109.635,109.645,1000000,1000000
1546383738000000000,109.636,109.646,1000000,1000000
1546383739000000000,109.637,109.647,1000000,1000000
1546383740000000000,109.638,109.648,1000000,1000000
1546383741000000000,109.639,109.649,1000000,1000000
1546383742000000000,109.640,109.650,1000000,1000000
1546383743000000000,109.641,109.651,1000000,1000000
1546383744000000000,109.642,109.652,1000000,1000000
1546383745000000000,109.643,109.653,1000000,1000000
1546383746000000000,109.644,109.654,1000000,1000000
1546383747000000000,109.645,109.655,1000000,1000000
1546383748000000000,109.646,109.656,1000000,1000000
1546383749000000000,109.647,109.657,1000000,1000000
1546383750000000000,109.648,109.658,1000000,1000000
1546383751000000000,109.649,109.659,1000000,1000000
1546383752000000000,109.650,109.660,1000000,1000000
1546383753000000000,109.651,109.661,1000000,1000000
1546383754000000000,109.652,109.662,1000000,1000000
1546383755000000000,109.653,109.663,1000000,1000000
1546383756000000000,109.653,109.663,1000000,1000000
1546383757000000000,109.654,109.664,1000000,1000000
1546383758000000000,109.655,109.665,1000000,1000000
1546383759000000000,109.656,109.666,1000000,1000000
1546383760000000000,109.657,109.667,1000000,1000000
1546383761000000000,109.658,109.668,1000000,1000000
1546383762000000000,109.659,109.669,1000000,1000000
1546383763000000000,109.660,109.670,1000000,1000000
1546383764000000000,109.661,109.671,1000000,1000000
1546383765000000000,109.662,109.672,1000000,1000000
1546383766000000000,109.663,109.673,1000000,1000000
1546383767000000000,109.664,109.674,1000000,1000000
1546383768000000000,109.665,109.675,1000000,1000000
1546383769000000000,109.666,109.676,1000000,1000000
1546383770000000000,109.667,109.677,1000000,1000000
1546383771000000000,109.668,109.678,1000000,1000000
1546383772000000000,109.669,109.679,1000000,1000000
1546383773000000000,109.670,109.680,1000000,1000000
1546383774000000000,109.671,109.681,1000000,1000000
1546383775000000000,109.671,109.681,1000000,1000000
1546383776000000000,109.672,109.682,1000000,1000000
1546383777000000000,109.673,109.683,1000000,1000000
1546383778000000000,109.674,109.684,1000000,1000000
1546383779000000000,109.675,109.685,1000000,1000000
1546383780000000000,109.676,109.686,1000000,1000000
1546383781000000000,109.677,109.687,1000000,1000000
1546383782000000000,109.678,109.688,1000000,1000000
1546383783000000000,109.679,109.689,1000000,1000000
1546383784000000000,109.680,109.690,1000000,1000000
1546383785000000000,109.681,109.691,1000000,1000000
1546383786000000000,109.682,109.692,1000000,1000000
1546383787000000000,109.683,109.693,1000000,1000000
1546383788000000000,109.684,109.694,1000000,1000000
1546383789000000000,109.685,109.695,1000000,1000000
1546383790000000000,109.685,109.695,1000000,1000000
1546383791000000000,109.686,109.696,1000000,1000000
1546383792000000000,109.687,109.697,1000000,1000000
1546383793000000000,109.688,109.698,1000000,1000000
1546383794000000000,109.689,109.699,1000000,1000000
1546383795000000000,109.690,109.700,1000000,1000000
1546383796000000000,109.691,109.701,1000000,1000000
1546383797000000000,109.692,109.702,1000000,1000000
1546383798000000000,109.693,109.703,1000000,1000000
1546383799000000000,109.694,109.704,1000000,1000000
1546383800000000000,109.695,109.705,1000000,1000000
1546383801000000000,109.696,109.706,1000000,1000000
1546383802000000000,109.697,109.707,1000000,1000000
1546383803000000000,109.697,109.707,1000000,1000000
1546383804000000000,109.698,109.708,1000000,1000000
1546383805000000000,109.699,109.709,1000000,1000000
1546383806000000000,109.700,109.710,1000000,1000000
1546383807000000000,109.701,109.711,1000000,1000000
1546383808000000000,109.702,109.712,1000000,1000000
1546383809000000000,109.703,109.713,1000000,1000000
1546383810000000000,109.704,109.714,1000000,1000000
1546383811000000000,109.705,109.715,1000000,1000000
1546383812000000000,109.706,109.716,1000000,1000000
1546383813000000000,109.707,109.717,1000000,1000000
1546383814000000000,109.708,109.718,1000000,1000000
1546383815000000000,109.708,109.718,1000000,1000000
1546383816000000000,109.709,109.719,1000000,1000000
1546383817000000000,109.710,109.720,1000000,1000000
1546383818000000000,109.711,109.721,1000000,1000000
1546383819000000000,109.712,109.722,1000000,1000000
1546383820000000000,109.713,109.723,1000000,1000000
1546383821000000000,109.714,109.724,1000000,1000000
1546383822000000000,109.715,109.725,1000000,1000000
1546383823000000000,109.716,109.726,1000000,1000000
1546383824000000000,109.717,109.727,1000000,1000000
1546383825000000000,109.717,109.727,1000000,1000000
1546383826000000000,109.718,109.728,1000000,1000000
1546383827000000000,109.719,109.729,1000000,1000000
1546383828000000000,109.720,109.730,1000000,1000000
1546383829000000000,109.721,109.731,1000000,1000000
1546383830000000000,109.722,109.732,1000000,1000000
1546383831000000000,109.723,109.733,1000000,1000000
1546383832000000000,109.724,109.734,1000000,1000000
1546383833000000000,109.725,109.735,1000000,1000000
1546383834000000000,109.726,109.736,1000000,1000000
1546383835000000000,109.726,109.736,1000000,1000000
1546383836000000000,109.727,109.737,1000000,1000000
1546383837000000000,109.728,109.738,1000000,1000000
1546383838000000000,109.729,109.739,1000000,1000000
1546383839000000000,109.730,109.740,1000000,1000000
1546383840000000000,109.731,109.741,1000000,1000000
1546383841000000000,109.732,109.742,1000000,1000000
1546383842000000000,109.733,109.743,1000000,1000000
1546383843000000000,109.734,109.744,1000000,1000000
1546383844000000000,109.734,109.744,1000000,1000000
1546383845000000000,109.735,109.745,1000000,1000000
1546383846000000000,109.736,109.746,1000000,1000000
1546383847000000000,109.737,109.747,1000000,1000000
1546383848000000000,109.738,109.748,1000000,1000000
1546383849000000000,109.739,109.749,1000000,1000000
1546383850000000000,109.740,109.750,1000000,1000000
1546383851000000000,109.741,109.751,1000000,1000000
1546383852000000000,109.741,109.751,1000000,1000000
1546383853000000000,109.742,109.752,1000000,1000000
1546383854000000000,109.743,109.753,1000000,1000000
1546383855000000000,109.744,109.754,1000000,1000000
1546383856000000000,109.745,109.755,1000000,1000000
1546383857000000000,109.746,109.756,1000000,1000000
1546383858000000000,109.747,109.757,1000000,1000000
1546383859000000000,109.748,109.758,1000000,1000000
1546383860000000000,109.748,109.758,1000000,1000000
1546383861000000000,109.749,109.759,1000000,1000000
1546383862000000000,109.750,109.760,1000000,1000000
1546383863000000000,109.751,109.761,1000000,1000000
1546383864000000000,109.752,109.762,1000000,1000000
1546383865000000000,109.753,109.763,1000000,1000000
1546383866000000000,109.754,109.764,1000000,1000000
1546383867000000000,109.754,109.764,1000000,1000000
1546383868000000000,109.755,109.765,1000000,1000000
1546383869000000000,109.756,109.766,1000000,1000000
1546383870000000000,109.757,109.767,1000000,1000000
1546383871000000000,109.758,109.768,1000000,1000000
1546383872000000000,109.759,109.769,1000000,1000000
1546383873000000000,109.760,109.770,1000000,1000000
1546383874000000000,109.760,109.770,1000000,1000000
1546383875000000000,109.761,109.771,1000000,1000000
1546383876000000000,109.762,109.772,1000000,1000000
1546383877000000000,109.763,109.773,1000000,1000000
1546383878000000000,109.764,109.774,1000000,1000000
1546383879000000000,109.765,109.775,1000000,1000000
1546383880000000000,109.766,109.776,1000000,1000000
1546383881000000000,109.766,109.776,1000000,1000000
1546383882000000000,109.767,109.777,1000000,1000000
1546383883000000000,109.768,109.778,1000000,1000000
1546383884000000000,109.769,109.779,1000000,1000000
1546383885000000000,109.770,109.780,1000000,1000000
1546383886000000000,109.771,109.781,1000000,1000000
1546383887000000000,109.771,109.781,1000000,1000000
1546383888000000000,109.772,109.782,1000000,1000000
1546383889000000000,109.773,109.783,1000000,1000000
1546383890000000000,109.774,109.784,1000000,1000000
1546383891000000000,109.775,109.785,1000000,1000000
1546383892000000000,109.776,109.786,1000000,1000000
1546383893000000000,109.777,109.787,1000000,1000000
1546383894000000000,109.777,109.787,1000000,1000000
1546383895000000000,109.778,109.788,1000000,1000000
1546383896000000000,109.779,109.789,1000000,1000000
1546383897000000000,109.780,109.790,1000000,1000000
1546383898000000000,109.781,109.791,1000000,1000000
1546383899000000000,109.781,109.791,1000000,1000000
