ts_event_ns,price,size,aggressor_side
1546383600000000000,109.510,250000,BUY
1546383601000000000,109.501,260000,SELL
1546383602000000000,109.512,270000,BUY
1546383603000000000,109.503,250000,SELL
1546383604000000000,109.514,260000,BUY
1546383605000000000,109.505,270000,SELL
1546383606000000000,109.516,250000,BUY
1546383607000000000,109.507,260000,SELL
1546383608000000000,109.518,270000,BUY
1546383609000000000,109.509,250000,SELL
1546383610000000000,109.520,260000,BUY
1546383611000000000,109.511,270000,SELL
1546383612000000000,109.522,250000,BUY
1546383613000000000,109.513,260000,SELL
1546383614000000000,109.524,270000,BUY
1546383615000000000,109.515,250000,SELL
1546383616000000000,109.526,260000,BUY
1546383617000000000,109.517,270000,SELL
1546383618000000000,109.528,250000,BUY
1546383619000000000,109.519,260000,SELL
1546383620000000000,109.530,270000,BUY
1546383621000000000,109.521,250000,SELL
1546383622000000000,109.532,260000,BUY
1546383623000000000,109.523,270000,SELL
1546383624000000000,109.534,250000,BUY
1546383625000000000,109.525,260000,SELL
1546383626000000000,109.536,270000,BUY
1546383627000000000,109.527,250000,SELL
1546383628000000000,109.538,260000,BUY
1546383629000000000,109.529,270000,SELL
1546383630000000000,109.540,250000,BUY
1546383631000000000,109.531,260000,SELL
1546383632000000000,109.542,270000,BUY
1546383633000000000,109.533,250000,SELL
1546383634000000000,109.544,260000,BUY
1546383635000000000,109.535,270000,SELL
1546383636000000000,109.546,250000,BUY
1546383637000000000,109.537,260000,SELL
1546383638000000000,109.548,270000,BUY
1546383639000000000,109.539,250000,SELL
1546383640000000000,109.550,260000,BUY
1546383641000000000,109.541,270000,SELL
1546383642000000000,109.552,250000,BUY
1546383643000000000,109.543,260000,SELL
1546383644000000000,109.554,270000,BUY
1546383645000000000,109.545,250000,SELL
1546383646000000000,109.556,260000,BUY
1546383647000000000,109.547,270000,SELL
1546383648000000000,109.558,250000,BUY
1546383649000000000,109.549,260000,SELL
1546383650000000000,109.560,270000,BUY
1546383651000000000,109.551,250000,SELL
1546383652000000000,109.562,260000,BUY
1546383653000000000,109.553,270000,SELL
1546383654000000000,109.564,250000,BUY
1546383655000000000,109.555,260000,SELL
1546383656000000000,109.566,270000,BUY
1546383657000000000,109.557,250000,SELL
1546383658000000000,109.568,260000,BUY
1546383659000000000,109.559,270000,SELL
1546383660000000000,109.570,250000,BUY
1546383661000000000,109.561,260000,SELL
1546383662000000000,109.572,270000,BUY
1546383663000000000,109.563,250000,SELL
1546383664000000000,109.574,260000,BUY
1546383665000000000,109.565,270000,SELL
1546383666000000000,109.576,250000,BUY
1546383667000000000,109.567,260000,SELL
1546383668000000000,109.578,270000,BUY
1546383669000000000,109.569,250000,SELL
1546383670000000000,109.580,260000,BUY
1546383671000000000,109.571,270000,SELL
1546383672000000000,109.582,250000,BUY
1546383673000000000,109.573,260000,SELL
1546383674000000000,109.584,270000,BUY
1546383675000000000,109.575,250000,SELL
1546383676000000000,109.586,260000,BUY
1546383677000000000,109.577,270000,SELL
1546383678000000000,109.588,250000,BUY
1546383679000000000,109.579,260000,SELL
1546383680000000000,109.590,270000,BUY
1546383681000000000,109.581,250000,SELL
1546383682000000000,109.592,260000,BUY
1546383683000000000,109.583,270000,SELL
1546383684000000000,109.594,250000,BUY
1546383685000000000,109.585,260000,SELL
1546383686000000000,109.596,270000,BUY
1546383687000000000,109.587,250000,SELL
1546383688000000000,109.598,260000,BUY
1546383689000000000,109.589,270000,SELL
1546383690000000000,109.600,250000,BUY
1546383691000000000,109.590,260000,SELL
1546383692000000000,109.601,270000,BUY
1546383693000000000,109.592,250000,SELL
1546383694000000000,109.603,260000,BUY
1546383695000000000,109.594,270000,SELL
1546383696000000000,109.605,250000,BUY
1546383697000000000,109.596,260000,SELL
1546383698000000000,109.607,270000,BUY
1546383699000000000,109.598,250000,SELL
1546383700000000000,109.609,260000,BUY
1546383701000000000,109.600,270000,SELL
1546383702000000000,109.611,250000,BUY
1546383703000000000,109.602,260000,SELL
1546383704000000000,109.613,270000,BUY
1546383705000000000,109.604,250000,SELL
1546383706000000000,109.615,260000,BUY
1546383707000000000,109.606,270000,SELL
1546383708000000000,109.617,250000,BUY
1546383709000000000,109.608,260000,SELL
1546383710000000000,109.619,270000,BUY
1546383711000000000,109.610,250000,SELL
1546383712000000000,109.621,260000,BUY
1546383713000000000,109.612,270000,SELL
1546383714000000000,109.623,250000,BUY
1546383715000000000,109.614,260000,SELL
1546383716000000000,109.625,270000,BUY
1546383717000000000,109.616,250000,SELL
1546383718000000000,109.627,260000,BUY
1546383719000000000,109.618,270000,SELL
1546383720000000000,109.629,250000,BUY
1546383721000000000,109.620,260000,SELL
1546383722000000000,109.631,270000,BUY
1546383723000000000,109.622,250000,SELL
1546383724000000000,109.633,260000,BUY
1546383725000000000,109.624,270000,SELL
1546383726000000000,109.635,250000,BUY
1546383727000000000,109.626,260000,SELL
1546383728000000000,109.637,270000,BUY
1546383729000000000,109.628,250000,SELL
1546383730000000000,109.639,260000,BUY
1546383731000000000,109.630,270000,SELL
1546383732000000000,109.640,250000,BUY
1546383733000000000,109.631,260000,SELL
1546383734000000000,109.642,270000,BUY
1546383735000000000,109.633,250000,SELL
1546383736000000000,109.644,260000,BUY
1546383737000000000,109.635,270000,SELL
1546383738000000000,109.646,250000,BUY
1546383739000000000,109.637,260000,SELL
1546383740000000000,109.648,270000,BUY
1546383741000000000,109.639,250000,SELL
1546383742000000000,109.650,260000,BUY
1546383743000000000,109.641,270000,SELL
1546383744000000000,109.652,250000,BUY
1546383745000000000,109.643,260000,SELL
1546383746000000000,109.654,270000,BUY
1546383747000000000,109.645,250000,SELL
1546383748000000000,109.656,260000,BUY
1546383749000000000,109.647,270000,SELL
1546383750000000000,109.658,250000,BUY
1546383751000000000,109.649,260000,SELL
1546383752000000000,109.660,270000,BUY
1546383753000000000,109.651,250000,SELL
1546383754000000000,109.662,260000,BUY
1546383755000000000,109.653,270000,SELL
1546383756000000000,109.663,250000,BUY
1546383757000000000,109.654,260000,SELL
1546383758000000000,109.665,270000,BUY
1546383759000000000,109.656,250000,SELL
1546383760000000000,109.667,260000,BUY
1546383761000000000,109.658,270000,SELL
1546383762000000000,109.669,250000,BUY
1546383763000000000,109.660,260000,SELL
1546383764000000000,109.671,270000,BUY
1546383765000000000,109.662,250000,SELL
1546383766000000000,109.673,260000,BUY
1546383767000000000,109.664,270000,SELL
1546383768000000000,109.675,250000,BUY
1546383769000000000,109.666,260000,SELL
1546383770000000000,109.677,270000,BUY
1546383771000000000,109.668,250000,SELL
1546383772000000000,109.679,260000,BUY
1546383773000000000,109.670,270000,SELL
1546383774000000000,109.681,250000,BUY
1546383775000000000,109.671,260000,SELL
1546383776000000000,109.682,270000,BUY
1546383777000000000,109.673,250000,SELL
1546383778000000000,109.684,260000,BUY
1546383779000000000,109.675,270000,SELL
1546383780000000000,109.686,250000,BUY
1546383781000000000,109.677,260000,SELL
1546383782000000000,109.688,270000,BUY
1546383783000000000,109.679,250000,SELL
1546383784000000000,109.690,260000,BUY
1546383785000000000,109.681,270000,SELL
1546383786000000000,109.692,250000,BUY
1546383787000000000,109.683,260000,SELL
1546383788000000000,109.694,270000,BUY
1546383789000000000,109.685,250000,SELL
1546383790000000000,109.695,260000,BUY
1546383791000000000,109.686,270000,SELL
1546383792000000000,109.697,250000,BUY
1546383793000000000,109.688,260000,SELL
1546383794000000000,109.699,270000,BUY
1546383795000000000,109.690,250000,SELL
1546383796000000000,109.701,260000,BUY
1546383797000000000,109.692,270000,SELL
1546383798000000000,109.703,250000,BUY
1546383799000000000,109.694,260000,SELL
1546383800000000000,109.705,270000,BUY
1546383801000000000,109.696,250000,SELL
1546383802000000000,109.707,260000,BUY
1546383803000000000,109.697,270000,SELL
1546383804000000000,109.708,250000,BUY
1546383805000000000,109.699,260000,SELL
1546383806000000000,109.710,270000,BUY
1546383807000000000,109.701,250000,SELL
1546383808000000000,109.712,260000,BUY
1546383809000000000,109.703,270000,SELL
1546383810000000000,109.714,250000,BUY
1546383811000000000,109.705,260000,SELL
1546383812000000000,109.716,270000,BUY
1546383813000000000,109.707,250000,SELL
1546383814000000000,109.718,260000,BUY
1546383815000000000,109.708,270000,SELL
1546383816000000000,109.719,250000,BUY
1546383817000000000,109.710,260000,SELL
1546383818000000000,109.721,270000,BUY
1546383819000000000,109.712,250000,SELL
1546383820000000000,109.723,260000,BUY
1546383821000000000,109.714,270000,SELL
1546383822000000000,109.725,250000,BUY
1546383823000000000,109.716,260000,SELL
1546383824000000000,109.727,270000,BUY
1546383825000000000,109.717,250000,SELL
1546383826000000000,109.728,260000,BUY
1546383827000000000,109.719,270000,SELL
1546383828000000000,109.730,250000,BUY
1546383829000000000,109.721,260000,SELL
1546383830000000000,109.732,270000,BUY
1546383831000000000,109.723,250000,SELL
1546383832000000000,109.734,260000,BUY
1546383833000000000,109.725,270000,SELL
1546383834000000000,109.736,250000,BUY
1546383835000000000,109.726,260000,SELL
1546383836000000000,109.737,270000,BUY
1546383837000000000,109.728,250000,SELL
1546383838000000000,109.739,260000,BUY
1546383839000000000,109.730,270000,SELL
1546383840000000000,109.741,250000,BUY
1546383841000000000,109.732,260000,SELL
1546383842000000000,109.743,270000,BUY
1546383843000000000,109.734,250000,SELL
1546383844000000000,109.744,260000,BUY
1546383845000000000,109.735,270000,SELL
1546383846000000000,109.746,250000,BUY
1546383847000000000,109.737,260000,SELL
1546383848000000000,109.748,270000,BUY
1546383849000000000,109.739,250000,SELL
1546383850000000000,109.750,260000,BUY
1546383851000000000,109.741,270000,SELL
1546383852000000000,109.751,250000,BUY
1546383853000000000,109.742,260000,SELL
1546383854000000000,109.753,270000,BUY
1546383855000000000,109.744,250000,SELL
1546383856000000000,109.755,260000,BUY
1546383857000000000,109.746,270000,SELL
1546383858000000000,109.757,250000,BUY
1546383859000000000,109.748,260000,SELL
1546383860000000000,109.758,270000,BUY
1546383861000000000,109.749,250000,SELL
1546383862000000000,109.760,260000,BUY
1546383863000000000,109.751,270000,SELL
1546383864000000000,109.762,250000,BUY
1546383865000000000,109.753,260000,SELL
1546383866000000000,109.764,270000,BUY
1546383867000000000,109.754,250000,SELL
1546383868000000000,109.765,260000,BUY
1546383869000000000,109.756,270000,SELL
1546383870000000000,109.767,250000,BUY
1546383871000000000,109.758,260000,SELL
1546383872000000000,109.769,270000,BUY
1546383873000000000,109.760,250000,SELL
1546383874000000000,109.770,260000,BUY
1546383875000000000,109.761,270000,SELL
1546383876000000000,109.772,250000,BUY
1546383877000000000,109.763,260000,SELL
1546383878000000000,109.774,270000,BUY
1546383879000000000,109.765,250000,SELL
1546383880000000000,109.776,260000,BUY
1546383881000000000,109.766,270000,SELL
1546383882000000000,109.777,250000,BUY
1546383883000000000,109.768,260000,SELL
1546383884000000000,109.779,270000,BUY
1546383885000000000,109.770,250000,SELL
1546383886000000000,109.781,260000,BUY
1546383887000000000,109.771,270000,SELL
1546383888000000000,109.782,250000,BUY
1546383889000000000,109.773,260000,SELL
1546383890000000000,109.784,270000,BUY
1546383891000000000,109.775,250000,SELL
1546383892000000000,109.786,260000,BUY
1546383893000000000,109.777,270000,SELL
1546383894000000000,109.787,250000,BUY
1546383895000000000,109.778,260000,SELL
1546383896000000000,109.789,270000,BUY
1546383897000000000,109.780,250000,SELL
1546383898000000000,109.791,260000,BUY
1546383899000000000,109.781,270000,SELL
