ts_event_ns,instrument_id,bid_price,ask_price,bid_size,ask_size
1546383600000000000,AUD/USD.SIM,0.71000,0.71010,1000000,1000000
1546383601000000000,AUD/USD.SIM,0.71002,0.71012,1000000,1000000
1546383602000000000,AUD/USD.SIM,0.71003,0.71013,1000000,1000000
1546383603000000000,AUD/USD.SIM,0.71005,0.71015,1000000,1000000
1546383604000000000,AUD/USD.SIM,0.71007,0.71017,1000000,1000000
1546383605000000000,AUD/USD.SIM,0.71008,0.71018,1000000,1000000
1546383606000000000,AUD/USD.SIM,0.71010,0.71020,1000000,1000000
1546383607000000000,AUD/USD.SIM,0.71012,0.71022,1000000,1000000
1546383608000000000,AUD/USD.SIM,0.71013,0.71023,1000000,1000000
1546383609000000000,AUD/USD.SIM,0.71015,0.71025,1000000,1000000
1546383610000000000,AUD/USD.SIM,0.71017,0.71027,1000000,1000000
1546383611000000000,AUD/USD.SIM,0.71018,0.71028,1000000,1000000
1546383612000000000,AUD/USD.SIM,0.71020,0.71030,1000000,1000000
1546383613000000000,AUD/USD.SIM,0.71022,0.71032,1000000,1000000
1546383614000000000,AUD/USD.SIM,0.71023,0.71033,1000000,1000000
1546383615000000000,AUD/USD.SIM,0.71025,0.71035,1000000,1000000
1546383616000000000,AUD/USD.SIM,0.71027,0.71037,1000000,1000000
1546383617000000000,AUD/USD.SIM,0.71028,0.71038,1000000,1000000
1546383618000000000,AUD/USD.SIM,0.71030,0.71040,1000000,1000000
1546383619000000000,AUD/USD.SIM,0.71032,0.71042,1000000,1000000
1546383620000000000,AUD/USD.SIM,0.71033,0.71043,1000000,1000000
1546383621000000000,AUD/USD.SIM,0.71035,0.71045,1000000,1000000
1546383622000000000,AUD/USD.SIM,0.71037,0.71047,1000000,1000000
1546383623000000000,AUD/USD.SIM,0.71038,0.71048,1000000,1000000
1546383624000000000,AUD/USD.SIM,0.71040,0.71050,1000000,1000000
1546383625000000000,AUD/USD.SIM,0.71042,0.71052,1000000,1000000
1546383626000000000,AUD/USD.SIM,0.71043,0.71053,1000000,1000000
1546383627000000000,AUD/USD.SIM,0.71045,0.71055,1000000,1000000
1546383628000000000,AUD/USD.SIM,0.71047,0.71057,1000000,1000000
1546383629000000000,AUD/USD.SIM,0.71048,0.71058,1000000,1000000
1546383630000000000,AUD/USD.SIM,0.71050,0.71060,1000000,1000000
1546383631000000000,AUD/USD.SIM,0.71052,0.71062,1000000,1000000
1546383632000000000,AUD/USD.SIM,0.71053,0.71063,1000000,1000000
1546383633000000000,AUD/USD.SIM,0.71055,0.71065,1000000,1000000
1546383634000000000,AUD/USD.SIM,0.71057,0.71067,1000000,1000000
1546383635000000000,AUD/USD.SIM,0.71058,0.71068,1000000,1000000
1546383636000000000,AUD/USD.SIM,0.71060,0.71070,1000000,1000000
1546383637000000000,AUD/USD.SIM,0.71062,0.71072,1000000,1000000
1546383638000000000,AUD/USD.SIM,0.71063,0.71073,1000000,1000000
1546383639000000000,AUD/USD.SIM,0.71065,0.71075,1000000,1000000
1546383640000000000,AUD/USD.SIM,0.71066,0.71076,1000000,1000000
1546383641000000000,AUD/USD.SIM,0.71068,0.71078,1000000,1000000
1546383642000000000,AUD/USD.SIM,0.71070,0.71080,1000000,1000000
1546383643000000000,AUD/USD.SIM,0.71071,0.71081,1000000,1000000
1546383644000000000,AUD/USD.SIM,0.71073,0.71083,1000000,1000000
1546383645000000000,AUD/USD.SIM,0.71075,0.71085,1000000,1000000
1546383646000000000,AUD/USD.SIM,0.71076,0.71086,1000000,1000000
1546383647000000000,AUD/USD.SIM,0.71078,0.71088,1000000,1000000
1546383648000000000,AUD/USD.SIM,0.71080,0.71090,1000000,1000000
1546383649000000000,AUD/USD.SIM,0.71081,0.71091,1000000,1000000
1546383650000000000,AUD/USD.SIM,0.71083,0.71093,1000000,1000000
1546383651000000000,AUD/USD.SIM,0.71085,0.71095,1000000,1000000
1546383652000000000,AUD/USD.SIM,0.71086,0.71096,1000000,1000000
1546383653000000000,AUD/USD.SIM,0.71088,0.71098,1000000,1000000
1546383654000000000,AUD/USD.SIM,0.71090,0.71100,1000000,1000000
1546383655000000000,AUD/USD.SIM,0.71091,0.71101,1000000,1000000
1546383656000000000,AUD/USD.SIM,0.71093,0.71103,1000000,1000000
1546383657000000000,AUD/USD.SIM,0.71094,0.71104,1000000,1000000
1546383658000000000,AUD/USD.SIM,0.71096,0.71106,1000000,1000000
1546383659000000000,AUD/USD.SIM,0.71098,0.71108,1000000,1000000
1546383660000000000,AUD/USD.SIM,0.71099,0.71109,1000000,1000000
1546383661000000000,AUD/USD.SIM,0.71101,0.71111,1000000,1000000
1546383662000000000,AUD/USD.SIM,0.71103,0.71113,1000000,1000000
1546383663000000000,AUD/USD.SIM,0.71104,0.71114,1000000,1000000
1546383664000000000,AUD/USD.SIM,0.71106,0.71116,1000000,1000000
1546383665000000000,AUD/USD.SIM,0.71107,0.71117,1000000,1000000
1546383666000000000,AUD/USD.SIM,0.71109,0.71119,1000000,1000000
1546383667000000000,AUD/USD.SIM,0.71111,0.71121,1000000,1000000
1546383668000000000,AUD/USD.SIM,0.71112,0.71122,1000000,1000000
1546383669000000000,AUD/USD.SIM,0.71114,0.71124,1000000,1000000
1546383670000000000,AUD/USD.SIM,0.71116,0.71126,1000000,1000000
1546383671000000000,AUD/USD.SIM,0.71117,0.71127,1000000,1000000
1546383672000000000,AUD/USD.SIM,0.71119,0.71129,1000000,1000000
1546383673000000000,AUD/USD.SIM,0.71120,0.71130,1000000,1000000
1546383674000000000,AUD/USD.SIM,0.71122,0.71132,1000000,1000000
1546383675000000000,AUD/USD.SIM,0.71124,0.71134,1000000,1000000
1546383676000000000,AUD/USD.SIM,0.71125,0.71135,1000000,1000000
1546383677000000000,AUD/USD.SIM,0.71127,0.71137,1000000,1000000
1546383678000000000,AUD/USD.SIM,0.71129,0.71139,1000000,1000000
1546383679000000000,AUD/USD.SIM,0.71130,0.71140,1000000,1000000
1546383680000000000,AUD/USD.SIM,0.71132,0.71142,1000000,1000000
1546383681000000000,AUD/USD.SIM,0.71133,0.71143,1000000,1000000
1546383682000000000,AUD/USD.SIM,0.71135,0.71145,1000000,1000000
1546383683000000000,AUD/USD.SIM,0.71137,0.71147,1000000,1000000
1546383684000000000,AUD/USD.SIM,0.71138,0.71148,1000000,1000000
1546383685000000000,AUD/USD.SIM,0.71140,0.71150,1000000,1000000
1546383686000000000,AUD/USD.SIM,0.71141,0.71151,1000000,1000000
1546383687000000000,AUD/USD.SIM,0.71143,0.71153,1000000,1000000
1546383688000000000,AUD/USD.SIM,0.71145,0.71155,1000000,1000000
1546383689000000000,AUD/USD.SIM,0.71146,0.71156,1000000,1000000
1546383690000000000,AUD/USD.SIM,0.71148,0.71158,1000000,1000000
1546383691000000000,AUD/USD.SIM,0.71149,0.71159,1000000,1000000
1546383692000000000,AUD/USD.SIM,0.71151,0.71161,1000000,1000000
1546383693000000000,AUD/USD.SIM,0.71153,0.71163,1000000,1000000
1546383694000000000,AUD/USD.SIM,0.71154,0.71164,1000000,1000000
1546383695000000000,AUD/USD.SIM,0.71156,0.71166,1000000,1000000
1546383696000000000,AUD/USD.SIM,0.71157,0.71167,1000000,1000000
1546383697000000000,AUD/USD.SIM,0.71159,0.71169,1000000,1000000
1546383698000000000,AUD/USD.SIM,0.71160,0.71170,1000000,1000000
1546383699000000000,AUD/USD.SIM,0.71162,0.71172,1000000,1000000
1546383700000000000,AUD/USD.SIM,0.71164,0.71174,1000000,1000000
1546383701000000000,AUD/USD.SIM,0.71165,0.71175,1000000,1000000
1546383702000000000,AUD/USD.SIM,0.71167,0.71177,1000000,1000000
1546383703000000000,AUD/USD.SIM,0.71168,0.71178,1000000,1000000
1546383704000000000,AUD/USD.SIM,0.71170,0.71180,1000000,1000000
1546383705000000000,AUD/USD.SIM,0.71171,0.71181,1000000,1000000
1546383706000000000,AUD/USD.SIM,0.71173,0.71183,1000000,1000000
1546383707000000000,AUD/USD.SIM,0.71175,0.71185,1000000,1000000
1546383708000000000,AUD/USD.SIM,0.71176,0.71186,1000000,1000000
1546383709000000000,AUD/USD.SIM,0.71178,0.71188,1000000,1000000
1546383710000000000,AUD/USD.SIM,0.71179,0.71189,1000000,1000000
1546383711000000000,AUD/USD.SIM,0.71181,0.71191,1000000,1000000
1546383712000000000,AUD/USD.SIM,0.71182,0.71192,1000000,1000000
1546383713000000000,AUD/USD.SIM,0.71184,0.71194,1000000,1000000
1546383714000000000,AUD/USD.SIM,0.71185,0.71195,1000000,1000000
1546383715000000000,AUD/USD.SIM,0.71187,0.71197,1000000,1000000
1546383716000000000,AUD/USD.SIM,0.71189,0.71199,1000000,1000000
1546383717000000000,AUD/USD.SIM,0.71190,0.71200,1000000,1000000
1546383718000000000,AUD/USD.SIM,0.71192,0.71202,1000000,1000000
1546383719000000000,AUD/USD.SIM,0.71193,0.71203,1000000,1000000
