ts_event_ns,open_price,high_price,low_price,close_price,volume_size
1640908800000000000,47000.00,47050.00,46750.00,47000.00,1.500000
1640995200000000000,47542.43,47654.21,47296.41,47564.48,1.545392
1641081600000000000,48078.49,48249.43,47844.28,48121.55,1.590409
1641168000000000000,48601.94,48826.90,48386.88,48663.97,1.634679
1641254400000000000,49106.79,49378.28,48917.45,49184.81,1.677838
1641340800000000000,49587.39,49895.88,49429.33,49677.59,1.719527
1641427200000000000,50038.56,50372.82,49916.09,50136.41,1.759403
1641513600000000000,50455.70,50803.20,50371.70,50556.11,1.797137
1641600000000000000,50834.84,51182.25,50779.00,50932.33,1.832417
1641686400000000000,51172.77,51506.42,51077.33,51261.65,1.864952
1641772800000000000,51467.02,51773.46,51333.79,51541.60,1.894473
1641859200000000000,51716.00,51982.45,51548.30,51770.75,1.920735
1641945600000000000,51918.94,52133.84,51721.46,51948.75,1.943523
1642032000000000000,52075.96,52229.35,51854.58,52076.25,1.962649
1642118400000000000,52188.04,52305.03,51916.55,52154.99,1.977953
1642204800000000000,52256.98,52335.20,51939.67,52187.67,1.989310
1642291200000000000,52285.40,52347.07,51928.26,52177.92,1.996625
1642377600000000000,52276.64,52377.75,51886.84,52130.20,1.999839
1642464000000000000,52234.72,52373.22,51820.38,52049.73,1.998926
1642550400000000000,52164.24,52336.61,51734.14,51942.33,1.993891
1642636800000000000,52070.28,52271.64,51633.58,51814.31,1.984778
1642723200000000000,51958.32,52182.63,51524.26,51672.31,1.971661
1642809600000000000,51834.08,52074.40,51411.72,51523.19,1.954649
1642896000000000000,51703.45,51952.19,51301.39,51373.82,1.933882
1642982400000000000,51572.34,51821.58,51163.48,51230.98,1.909531
1643068800000000000,51446.58,51688.36,50994.46,51101.19,1.881798
1643155200000000000,51331.76,51558.45,50846.85,50990.55,1.850913
1643241600000000000,51233.18,51437.73,50727.70,50904.64,1.817129
1643328000000000000,51155.66,51331.92,50643.24,50848.36,1.780725
1643414400000000000,51103.54,51246.46,50598.76,50825.87,1.742004
1643500800000000000,51080.49,51186.37,50598.42,50840.45,1.701284
1643587200000000000,51089.51,51156.13,50645.19,50894.50,1.658901
1643673600000000000,51132.85,51206.16,50740.77,50989.41,1.615206
1643760000000000000,51211.93,51324.24,50885.54,51125.59,1.570560
1643846400000000000,51327.36,51476.18,51078.55,51302.43,1.525331
1643932800000000000,51478.91,51699.77,51278.13,51518.37,1.520107
1644019200000000000,51665.49,51979.60,51493.82,51770.87,1.565380
1644105600000000000,51885.23,52286.25,51747.52,52056.51,1.610112
1644192000000000000,52135.45,52614.63,52035.20,52371.05,1.653935
1644278400000000000,52412.77,52959.26,52351.97,52709.56,1.696486
1644364800000000000,52713.14,53314.33,52634.04,53066.46,1.737415
1644451200000000000,53031.95,53673.88,52914.12,53435.73,1.776383
1644537600000000000,53364.13,54031.88,53210.27,53810.96,1.813069
1644624000000000000,53704.20,54382.43,53518.46,54185.55,1.847169
1644710400000000000,54046.44,54719.79,53834.22,54552.81,1.878401
1644796800000000000,54384.99,55038.54,54152.76,54906.12,1.906509
1644883200000000000,54713.94,55333.66,54468.97,55239.08,1.931259
1644969600000000000,55027.48,55600.58,54777.55,55545.63,1.952448
1645056000000000000,55320.03,55905.03,55073.09,55820.17,1.969900
1645142400000000000,55586.29,56180.99,55350.21,56057.70,1.983471
1645228800000000000,55821.43,56412.70,55603.61,56253.89,1.993049
1645315200000000000,56021.11,56595.18,55828.26,56405.20,1.998556
1645401600000000000,56181.62,56724.49,56019.42,56508.92,1.999945
1645488000000000000,56299.93,56797.79,56172.86,56563.23,1.997205
1645574400000000000,56373.75,56813.43,56284.88,56567.24,1.990358
1645660800000000000,56401.59,56770.97,56350.71,56520.97,1.979462
1645747200000000000,56382.78,56671.24,56292.18,56425.40,1.964606
1645833600000000000,56317.46,56551.33,56153.69,56282.38,1.945913
1645920000000000000,56206.63,56421.19,55930.97,56094.62,1.923538
1646006400000000000,56052.05,56240.76,55671.53,55865.61,1.897664
1646092800000000000,55856.30,56013.61,55380.78,55599.55,1.868506
1646179200000000000,55622.62,55744.27,55064.52,55301.25,1.836305
1646265600000000000,55354.94,55438.06,54728.79,54976.02,1.801327
1646352000000000000,55057.74,55114.46,54379.70,54629.58,1.763859
1646438400000000000,54735.96,54832.27,54023.35,54267.91,1.724213
1646524800000000000,54394.94,54528.97,53665.64,53897.13,1.682715
1646611200000000000,54040.27,54208.68,53312.22,53523.39,1.639708
1646697600000000000,53677.68,53875.76,52968.30,53152.73,1.595547
1646784000000000000,53312.97,53534.80,52638.62,52790.97,1.550597
1646870400000000000,52951.82,53190.56,52327.39,52443.56,1.505229
1646956800000000000,52599.75,52847.87,52038.18,52115.53,1.540182
1647043200000000000,52261.95,52511.55,51748.80,51811.36,1.585261
1647129600000000000,51943.21,52186.34,51432.94,51534.90,1.629636
1647216000000000000,51647.83,51876.79,51150.01,51289.30,1.672941
1647302400000000000,51379.50,51587.15,50903.91,51076.98,1.714817
1647388800000000000,51141.26,51321.32,50697.60,50899.54,1.754919
1647475200000000000,50935.44,51082.72,50533.06,50757.81,1.792916
1647561600000000000,50763.61,50874.24,50411.21,50651.80,1.828493
1647648000000000000,50626.55,50698.10,50331.88,50580.71,1.861358
1647734400000000000,50524.24,50611.38,50275.08,50543.00,1.891238
1647820800000000000,50455.86,50643.98,50214.33,50536.40,1.917887
1647907200000000000,50419.85,50702.44,50193.58,50557.96,1.941085
1647993600000000000,50413.90,50781.79,50209.91,50604.17,1.960640
1648080000000000000,50435.02,50876.66,50259.45,50670.99,1.976391
1648166400000000000,50479.61,50981.48,50337.48,50753.97,1.988207
1648252800000000000,50543.55,51090.62,50438.52,50848.34,1.995992
1648339200000000000,50622.28,51198.51,50556.54,50949.13,1.999680
1648425600000000000,50710.88,51299.77,50636.70,51051.24,1.999241
1648512000000000000,50804.23,51389.35,50691.08,51149.58,1.994679
1648598400000000000,50897.06,51462.60,50747.47,51239.16,1.986032
1648684800000000000,50984.10,51515.39,50802.04,51315.19,1.973371
1648771200000000000,51060.20,51544.16,50850.93,51373.20,1.956800
1648857600000000000,51120.41,51545.99,50890.28,51409.08,1.936457
1648944000000000000,51160.11,51518.60,50916.31,51419.21,1.912509
1649030400000000000,51175.13,51460.40,50925.37,51400.49,1.885154
1649116800000000000,51161.77,51430.42,50914.03,51350.45,1.854618
1649203200000000000,51116.98,51385.87,50879.13,51267.20,1.821154
1649289600000000000,51038.33,51304.20,50817.87,51149.59,1.785037
1649376000000000000,50924.15,51183.50,50727.87,50997.11,1.746566
1649462400000000000,50773.50,51022.69,50607.23,50809.96,1.706059
1649548800000000000,50586.23,50821.62,50454.62,50589.03,1.663850
1649635200000000000,50363.01,50608.17,50242.17,50335.88,1.620288
1649721600000000000,50105.24,50355.20,49998.63,50052.70,1.575733
1649808000000000000,49815.12,50061.90,49656.50,49742.24,1.530552
1649894400000000000,49495.55,49731.31,49283.70,49407.82,1.514882
1649980800000000000,49150.09,49367.42,48893.64,49053.19,1.560192
1650067200000000000,48782.88,48975.12,48491.91,48682.51,1.605005
1650153600000000000,48398.59,48560.05,48084.20,48300.26,1.648951
1650240000000000000,48002.28,48128.53,47676.23,47911.12,1.691667
1650326400000000000,47599.33,47687.33,47273.59,47519.94,1.732800
1650412800000000000,47195.34,47247.11,46881.62,47131.61,1.772011
1650499200000000000,46796.00,46887.46,46505.33,46750.99,1.808974
1650585600000000000,46406.95,46536.46,46149.28,46382.79,1.843387
1650672000000000000,46033.72,46198.11,45817.50,46031.56,1.874963
1650758400000000000,45681.60,45896.23,45493.54,45701.53,1.903442
1650844800000000000,45355.50,45615.84,45198.94,45396.59,1.928590
1650931200000000000,45059.90,45357.24,44939.08,45120.20,1.950198
1651017600000000000,44798.70,45122.71,44716.46,44875.32,1.968087
1651104000000000000,44575.23,44914.29,44517.62,44664.43,1.982111
1651190400000000000,44392.08,44733.76,44294.91,44489.40,1.992154
1651276800000000000,44251.11,44582.63,44116.28,44351.51,1.998131
1651363200000000000,44153.43,44462.10,43984.30,44251.45,1.999995
1651449600000000000,44099.30,44373.06,43900.64,44189.27,1.997730
1651536000000000000,44088.22,44316.01,43865.93,44164.43,1.991353
1651622400000000000,44118.85,44291.10,43879.82,44175.77,1.980919
1651708800000000000,44189.12,44298.04,43940.88,44221.57,1.966513
1651795200000000000,44296.22,44363.01,44046.67,44299.57,1.948254
1651881600000000000,44436.68,44539.50,44164.12,44407.02,1.926294
1651968000000000000,44606.42,44746.51,44312.18,44540.75,1.900812
1652054400000000000,44800.89,44974.66,44490.07,44697.18,1.872020
1652140800000000000,45015.09,45217.60,44693.06,44872.45,1.840156
1652227200000000000,45243.73,45468.91,44915.94,45062.45,1.805483
1652313600000000000,45481.33,45722.18,45153.13,45262.91,1.768286
1652400000000000000,45722.29,45971.22,45398.80,45469.47,1.728874
1652486400000000000,45961.09,46210.16,45608.53,45677.79,1.687572
1652572800000000000,46192.31,46433.59,45775.16,45883.59,1.644721
1652659200000000000,46410.84,46636.69,45937.47,46082.74,1.600674
1652745600000000000,46611.89,46815.31,46093.04,46271.35,1.555796
1652832000000000000,46791.18,46966.05,46239.60,46445.83,1.510457
1652918400000000000,46944.95,47086.30,46375.05,46602.96,1.534968
1653004800000000000,47070.12,47174.30,46497.45,46739.97,1.580104
1653091200000000000,47164.27,47229.12,46605.08,46854.53,1.624579
1653177600000000000,47225.78,47300.84,46696.44,46944.86,1.668025
1653264000000000000,47253.78,47367.77,46770.26,47009.75,1.710084
1653350400000000000,47248.26,47398.61,46825.56,47048.56,1.750407
1653436800000000000,47209.97,47392.70,46861.64,47061.25,1.788662
1653523200000000000,47140.52,47350.32,46878.15,47048.41,1.824533
1653609600000000000,47042.25,47272.76,46875.07,47011.19,1.857724
1653696000000000000,46918.24,47195.36,46819.70,46951.34,1.887961
1653782400000000000,46772.24,47120.97,46713.21,46871.17,1.914993
1653868800000000000,46608.58,47021.09,46527.73,46773.48,1.938599
1653955200000000000,46432.10,46899.10,46312.61,46661.56,1.958581
1654041600000000000,46248.06,46759.06,46092.69,46539.07,1.974777
1654128000000000000,46061.97,46605.71,45874.93,46410.04,1.987052
1654214400000000000,45879.58,46444.29,45666.33,46278.75,1.995304
1654300800000000000,45706.68,46280.48,45473.73,46149.68,1.999465
1654387200000000000,45549.00,46120.24,45303.64,46027.39,1.999502
1654473600000000000,45412.11,45969.67,45162.14,45916.48,1.995413
1654560000000000000,45301.31,45908.08,45054.69,45821.47,1.987233
1654646400000000000,45221.49,45871.66,44986.06,45746.72,1.975028
1654732800000000000,45177.03,45856.63,44960.19,45696.34,1.958901
1654819200000000000,45171.74,45865.34,44980.13,45674.11,1.938984
1654905600000000000,45208.75,45899.96,45048.02,45683.40,1.915441
1654992000000000000,45290.44,45962.35,45165.01,45727.12,1.888467
1655078400000000000,45418.42,46054.13,45331.29,45807.61,1.858285
1655164800000000000,45593.45,46176.60,45540.79,45926.62,1.825144
1655251200000000000,45815.45,46330.73,45723.12,46085.27,1.789318
1655337600000000000,46083.48,46517.15,45953.16,46283.98,1.751102
1655424000000000000,46395.78,46736.07,46230.67,46522.52,1.710812
1655510400000000000,46749.73,46987.33,46554.43,46799.90,1.668782
1655596800000000000,47142.01,47297.83,46894.78,47114.49,1.625357
1655683200000000000,47568.55,47688.54,47226.60,47463.96,1.580897
1655769600000000000,48024.68,48106.06,47597.81,47845.33,1.535769
1655856000000000000,48505.19,48563.68,48005.24,48255.06,1.509654
1655942400000000000,49004.42,49102.45,48444.90,48689.05,1.554998
1656028800000000000,49516.41,49652.04,48912.00,49142.74,1.599887
1656115200000000000,50034.96,50204.79,49401.07,49611.20,1.643952
1656201600000000000,50553.79,50753.05,49906.06,50089.18,1.686827
1656288000000000000,51066.65,51289.39,50420.46,50571.28,1.728160
1656374400000000000,51567.46,51806.78,50937.47,51051.96,1.767608
1656460800000000000,52050.37,52298.73,51450.14,51525.73,1.804846
1656547200000000000,52509.95,52759.44,51922.86,51987.19,1.839567
1656633600000000000,52941.24,53183.90,52327.51,52431.18,1.871483
1656720000000000000,53339.87,53568.03,52712.00,52852.87,1.900331
1656806400000000000,53702.13,53908.68,53073.41,53247.87,1.925873
1656892800000000000,54025.06,54203.76,53409.20,53612.28,1.947898
1656979200000000000,54306.49,54452.22,53717.22,53942.82,1.966224
1657065600000000000,54545.10,54654.03,53995.77,54236.89,1.980699
1657152000000000000,54740.40,54810.19,54243.58,54492.59,1.991204
1657238400000000000,54892.80,54962.94,54459.84,54708.83,1.997652
1657324800000000000,55003.54,55112.81,54644.27,54885.28,1.999991
1657411200000000000,55074.68,55220.72,54797.03,55022.46,1.998200
1657497600000000000,55109.10,55300.66,54906.24,55121.68,1.992295
1657584000000000000,55110.35,55391.81,54936.17,55185.04,1.982324
1657670400000000000,55082.66,55443.71,54942.10,55215.38,1.968369
1657756800000000000,55030.81,55459.03,54927.48,55216.27,1.950546
1657843200000000000,54960.03,55441.37,54896.06,55191.86,1.929003
1657929600000000000,54875.92,55395.18,54799.97,55146.87,1.903916
1658016000000000000,54784.28,55325.66,54669.45,55086.46,1.875494
1658102400000000000,54691.05,55238.68,54539.93,55016.12,1.843970
1658188800000000000,54602.16,55140.60,54418.78,54941.58,1.809606
1658275200000000000,54523.42,55038.20,54313.09,54868.65,1.772684
1658361600000000000,54460.37,54938.45,54229.48,54803.13,1.733511
1658448000000000000,54418.19,54848.35,54173.96,54750.68,1.692409
1658534400000000000,54401.60,54774.79,54151.77,54716.65,1.649718
1658620800000000000,54414.76,54787.77,54167.29,54706.04,1.605790
1658707200000000000,54461.14,54843.64,54223.91,54723.32,1.560989
1658793600000000000,54543.53,54928.45,54324.00,54772.33,1.515684
1658880000000000000,54663.90,55043.92,54468.84,54856.24,1.529750
1658966400000000000,54823.41,55191.18,54658.59,54977.42,1.574939
1659052800000000000,55022.36,55370.71,54892.36,55137.40,1.619508
1659139200000000000,55260.19,55582.36,55168.21,55336.82,1.663091
1659225600000000000,55535.50,55825.39,55483.20,55575.41,1.705327
1659312000000000000,55846.04,56098.42,55758.56,55851.96,1.745867
1659398400000000000,56188.79,56423.89,56038.64,56164.40,1.784377
1659484800000000000,56560.01,56776.37,56348.71,56509.73,1.820538
1659571200000000000,56955.30,57146.28,56692.30,56884.16,1.854051
1659657600000000000,57369.69,57529.68,57066.11,57283.15,1.884641
1659744000000000000,57797.76,57922.37,57465.93,57701.50,1.912054
1659830400000000000,58233.69,58319.95,57886.73,58133.42,1.936064
1659916800000000000,58671.46,58725.01,58322.74,58572.70,1.956473
1660003200000000000,59104.90,59198.09,58767.55,59012.83,1.973111
1660089600000000000,59527.81,59658.94,59214.29,59447.09,1.985843
1660176000000000000,59934.14,60099.97,59655.69,59868.73,1.994562
1660262400000000000,60318.05,60513.97,60084.33,60271.11,1.999196
1660348800000000000,60674.07,60894.25,60492.75,60647.82,1.999708
1660435200000000000,60997.16,61234.83,60873.68,60992.84,1.996092
1660521600000000000,61282.86,61548.33,61202.36,61300.67,1.988380
1660608000000000000,61527.33,61816.20,61467.95,61566.42,1.976634
1660694400000000000,61727.44,62029.92,61628.56,61785.98,1.960952
1660780800000000000,61880.86,62186.40,61744.43,61956.04,1.941463
1660867200000000000,61986.06,62283.82,61815.52,62074.23,1.918328
1660953600000000000,62042.36,62321.57,61842.52,62139.11,1.891738
1661040000000000000,62049.94,62300.32,61826.77,62150.27,1.861913
1661126400000000000,62009.83,62221.98,61770.22,62108.32,1.829098
1661212800000000000,61923.87,62089.59,61675.40,62014.87,1.793566
1661299200000000000,61794.71,61937.72,61545.29,61872.51,1.755610
1661385600000000000,61625.72,61789.28,61383.30,61684.75,1.715542
1661472000000000000,61420.94,61597.65,61193.18,61455.98,1.673694
1661558400000000000,61184.98,61366.49,60978.97,61191.34,1.630412
