ts_event_ns,instrument_id,close
1735689600000000000,AAA.SIM,100.00
1735689600000000000,BBB.SIM,50.00
1735689600000000000,CCC.SIM,80.00
1735689600000000000,DDD.SIM,20.00
1735776000000000000,AAA.SIM,101.90
1735776000000000000,BBB.SIM,52.05
1735776000000000000,CCC.SIM,80.70
1735776000000000000,DDD.SIM,20.75
1735862400000000000,AAA.SIM,100.80
1735862400000000000,BBB.SIM,50.10
1735862400000000000,CCC.SIM,79.40
1735862400000000000,DDD.SIM,20.50
1735948800000000000,AAA.SIM,99.70
1735948800000000000,BBB.SIM,48.15
1735948800000000000,CCC.SIM,78.10
1735948800000000000,DDD.SIM,20.25
1736035200000000000,AAA.SIM,101.60
1736035200000000000,BBB.SIM,50.20
1736035200000000000,CCC.SIM,78.80
1736035200000000000,DDD.SIM,21.00
1736121600000000000,AAA.SIM,102.00
1736121600000000000,BBB.SIM,50.25
1736121600000000000,CCC.SIM,78.50
1736121600000000000,DDD.SIM,21.25
1736208000000000000,AAA.SIM,103.90
1736208000000000000,BBB.SIM,52.30
1736208000000000000,CCC.SIM,79.20
1736208000000000000,DDD.SIM,22.00
1736294400000000000,AAA.SIM,102.80
1736294400000000000,BBB.SIM,50.35
1736294400000000000,CCC.SIM,77.90
1736294400000000000,DDD.SIM,21.75
1736380800000000000,AAA.SIM,101.70
1736380800000000000,BBB.SIM,48.40
1736380800000000000,CCC.SIM,76.60
1736380800000000000,DDD.SIM,21.50
1736467200000000000,AAA.SIM,103.60
1736467200000000000,BBB.SIM,50.45
1736467200000000000,CCC.SIM,77.30
1736467200000000000,DDD.SIM,22.25
1736553600000000000,AAA.SIM,104.00
1736553600000000000,BBB.SIM,50.50
1736553600000000000,CCC.SIM,77.00
1736553600000000000,DDD.SIM,22.50
1736640000000000000,AAA.SIM,105.90
1736640000000000000,BBB.SIM,52.55
1736640000000000000,CCC.SIM,77.70
1736640000000000000,DDD.SIM,23.25
1736726400000000000,AAA.SIM,104.80
1736726400000000000,BBB.SIM,50.60
1736726400000000000,CCC.SIM,76.40
1736726400000000000,DDD.SIM,23.00
1736812800000000000,AAA.SIM,103.70
1736812800000000000,BBB.SIM,48.65
1736812800000000000,CCC.SIM,75.10
1736812800000000000,DDD.SIM,22.75
1736899200000000000,AAA.SIM,105.60
1736899200000000000,BBB.SIM,50.70
1736899200000000000,CCC.SIM,75.80
1736899200000000000,DDD.SIM,23.50
1736985600000000000,AAA.SIM,106.00
1736985600000000000,BBB.SIM,50.75
1736985600000000000,CCC.SIM,75.50
1736985600000000000,DDD.SIM,23.75
1737072000000000000,AAA.SIM,107.90
1737072000000000000,BBB.SIM,52.80
1737072000000000000,CCC.SIM,76.20
1737072000000000000,DDD.SIM,24.50
1737158400000000000,AAA.SIM,106.80
1737158400000000000,BBB.SIM,50.85
1737158400000000000,CCC.SIM,74.90
1737158400000000000,DDD.SIM,24.25
1737244800000000000,AAA.SIM,105.70
1737244800000000000,BBB.SIM,48.90
1737244800000000000,CCC.SIM,73.60
1737244800000000000,DDD.SIM,24.00
1737331200000000000,AAA.SIM,107.60
1737331200000000000,BBB.SIM,50.95
1737331200000000000,CCC.SIM,74.30
1737331200000000000,DDD.SIM,24.75
1737417600000000000,AAA.SIM,108.00
1737417600000000000,BBB.SIM,51.00
1737417600000000000,CCC.SIM,74.00
1737417600000000000,DDD.SIM,25.00
1737504000000000000,AAA.SIM,109.90
1737504000000000000,BBB.SIM,53.05
1737504000000000000,CCC.SIM,74.70
1737504000000000000,DDD.SIM,25.75
1737590400000000000,AAA.SIM,108.80
1737590400000000000,BBB.SIM,51.10
1737590400000000000,CCC.SIM,73.40
1737590400000000000,DDD.SIM,25.50
1737676800000000000,AAA.SIM,107.70
1737676800000000000,BBB.SIM,49.15
1737676800000000000,CCC.SIM,72.10
1737676800000000000,DDD.SIM,25.25
1737763200000000000,AAA.SIM,109.60
1737763200000000000,BBB.SIM,51.20
1737763200000000000,CCC.SIM,72.80
1737763200000000000,DDD.SIM,26.00
1737849600000000000,AAA.SIM,110.00
1737849600000000000,BBB.SIM,51.25
1737849600000000000,CCC.SIM,72.50
1737849600000000000,DDD.SIM,26.25
1737936000000000000,AAA.SIM,111.90
1737936000000000000,BBB.SIM,53.30
1737936000000000000,CCC.SIM,73.20
1737936000000000000,DDD.SIM,27.00
1738022400000000000,AAA.SIM,110.80
1738022400000000000,BBB.SIM,51.35
1738022400000000000,CCC.SIM,71.90
1738022400000000000,DDD.SIM,26.75
1738108800000000000,AAA.SIM,109.70
1738108800000000000,BBB.SIM,49.40
1738108800000000000,CCC.SIM,70.60
1738108800000000000,DDD.SIM,26.50
1738195200000000000,AAA.SIM,111.60
1738195200000000000,BBB.SIM,51.45
1738195200000000000,CCC.SIM,71.30
1738195200000000000,DDD.SIM,27.25
1738281600000000000,AAA.SIM,112.00
1738281600000000000,BBB.SIM,51.50
1738281600000000000,CCC.SIM,71.00
1738281600000000000,DDD.SIM,27.50
1738368000000000000,AAA.SIM,113.90
1738368000000000000,BBB.SIM,53.55
1738368000000000000,CCC.SIM,71.70
1738368000000000000,DDD.SIM,28.25
1738454400000000000,AAA.SIM,112.80
1738454400000000000,BBB.SIM,51.60
1738454400000000000,CCC.SIM,70.40
1738454400000000000,DDD.SIM,28.00
1738540800000000000,AAA.SIM,111.70
1738540800000000000,BBB.SIM,49.65
1738540800000000000,CCC.SIM,69.10
1738540800000000000,DDD.SIM,27.75
1738627200000000000,AAA.SIM,113.60
1738627200000000000,BBB.SIM,51.70
1738627200000000000,CCC.SIM,69.80
1738627200000000000,DDD.SIM,28.50
1738713600000000000,AAA.SIM,114.00
1738713600000000000,BBB.SIM,51.75
1738713600000000000,CCC.SIM,69.50
1738713600000000000,DDD.SIM,28.75
