ts_event_ns,open,high,low,close,volume
1546383600000000000,109.505,109.505,109.505,109.505,1000000
1546383660000000000,109.506,109.565,109.506,109.565,60000000
1546383720000000000,109.566,109.624,109.566,109.624,60000000
1546383780000000000,109.625,109.681,109.625,109.681,60000000
1546383840000000000,109.682,109.736,109.682,109.736,60000000
1546383900000000000,109.737,109.787,109.737,109.787,60000000
1546383960000000000,109.788,109.835,109.788,109.835,60000000
1546384020000000000,109.835,109.877,109.835,109.877,60000000
1546384080000000000,109.878,109.915,109.878,109.915,60000000
1546384140000000000,109.915,109.946,109.915,109.946,60000000
1546384200000000000,109.946,109.971,109.946,109.971,60000000
1546384260000000000,109.971,109.989,109.971,109.989,60000000
1546384320000000000,109.990,110.001,109.990,110.001,60000000
1546384380000000000,110.001,110.005,110.001,110.005,60000000
1546384440000000000,110.005,110.005,110.002,110.002,60000000
1546384500000000000,110.002,110.002,109.992,109.992,60000000
1546384560000000000,109.992,109.992,109.975,109.975,60000000
1546384620000000000,109.974,109.974,109.951,109.951,60000000
1546384680000000000,109.951,109.951,109.921,109.921,60000000
1546384740000000000,109.920,109.920,109.884,109.884,60000000
1546384800000000000,109.884,109.884,109.843,109.843,60000000
1546384860000000000,109.842,109.842,109.796,109.796,60000000
1546384920000000000,109.795,109.795,109.745,109.745,60000000
1546384980000000000,109.745,109.745,109.691,109.691,60000000
1546385040000000000,109.690,109.690,109.634,109.634,60000000
1546385100000000000,109.633,109.633,109.576,109.576,60000000
1546385160000000000,109.575,109.575,109.516,109.516,60000000
1546385220000000000,109.515,109.515,109.456,109.456,60000000
1546385280000000000,109.455,109.455,109.397,109.397,60000000
1546385340000000000,109.396,109.396,109.339,109.339,60000000
1546385400000000000,109.338,109.338,109.284,109.284,60000000
1546385460000000000,109.283,109.283,109.232,109.232,60000000
1546385520000000000,109.231,109.231,109.184,109.184,60000000
1546385580000000000,109.183,109.183,109.140,109.140,60000000
1546385640000000000,109.139,109.139,109.102,109.102,60000000
1546385700000000000,109.101,109.101,109.069,109.069,60000000
1546385760000000000,109.069,109.069,109.043,109.043,60000000
1546385820000000000,109.043,109.043,109.023,109.023,60000000
1546385880000000000,109.023,109.023,109.011,109.011,60000000
1546385940000000000,109.011,109.011,109.005,109.005,60000000
1546386000000000000,109.005,109.007,109.005,109.007,60000000
1546386060000000000,109.007,109.016,109.007,109.016,60000000
1546386120000000000,109.016,109.032,109.016,109.032,60000000
1546386180000000000,109.032,109.054,109.032,109.054,60000000
1546386240000000000,109.055,109.083,109.055,109.083,60000000
1546386300000000000,109.084,109.119,109.084,109.119,60000000
1546386360000000000,109.119,109.159,109.119,109.159,60000000
1546386420000000000,109.160,109.205,109.160,109.205,60000000
1546386480000000000,109.206,109.255,109.206,109.255,60000000
1546386540000000000,109.256,109.309,109.256,109.309,60000000
1546386600000000000,109.310,109.365,109.310,109.365,60000000
1546386660000000000,109.366,109.424,109.366,109.424,60000000
1546386720000000000,109.425,109.483,109.425,109.483,60000000
1546386780000000000,109.484,109.543,109.484,109.543,60000000
1546386840000000000,109.544,109.603,109.544,109.603,60000000
1546386900000000000,109.604,109.661,109.604,109.661,60000000
1546386960000000000,109.662,109.717,109.662,109.717,60000000
1546387020000000000,109.717,109.769,109.717,109.769,60000000
1546387080000000000,109.770,109.818,109.770,109.818,60000000
1546387140000000000,109.819,109.863,109.819,109.863,60000000
1546387200000000000,109.863,109.902,109.863,109.902,60000000
1546387260000000000,109.902,109.935,109.902,109.935,60000000
1546387320000000000,109.936,109.963,109.936,109.963,60000000
1546387380000000000,109.963,109.984,109.963,109.984,60000000
1546387440000000000,109.984,109.997,109.984,109.997,60000000
1546387500000000000,109.998,110.004,109.998,110.004,60000000
1546387560000000000,110.004,110.005,110.004,110.004,60000000
1546387620000000000,110.004,110.004,109.996,109.996,60000000
1546387680000000000,109.996,109.996,109.982,109.982,60000000
1546387740000000000,109.981,109.981,109.960,109.960,60000000
1546387800000000000,109.960,109.960,109.932,109.932,60000000
1546387860000000000,109.932,109.932,109.898,109.898,60000000
1546387920000000000,109.898,109.898,109.858,109.858,60000000
1546387980000000000,109.858,109.858,109.813,109.813,60000000
1546388040000000000,109.813,109.813,109.764,109.764,60000000
1546388100000000000,109.763,109.763,109.711,109.711,60000000
1546388160000000000,109.710,109.710,109.655,109.655,60000000
1546388220000000000,109.654,109.654,109.597,109.597,60000000
1546388280000000000,109.596,109.596,109.537,109.537,60000000
1546388340000000000,109.536,109.536,109.477,109.477,60000000
1546388400000000000,109.476,109.476,109.418,109.418,60000000
1546388460000000000,109.417,109.417,109.360,109.360,60000000
1546388520000000000,109.359,109.359,109.303,109.303,60000000
1546388580000000000,109.302,109.302,109.250,109.250,60000000
1546388640000000000,109.249,109.249,109.200,109.200,60000000
1546388700000000000,109.200,109.200,109.155,109.155,60000000
1546388760000000000,109.154,109.154,109.115,109.115,60000000
1546388820000000000,109.114,109.114,109.080,109.080,60000000
1546388880000000000,109.080,109.080,109.052,109.052,60000000
1546388940000000000,109.051,109.051,109.030,109.030,60000000
1546389000000000000,109.029,109.029,109.015,109.015,60000000
1546389060000000000,109.014,109.014,109.006,109.006,60000000
1546389120000000000,109.006,109.006,109.005,109.005,60000000
1546389180000000000,109.006,109.012,109.006,109.012,60000000
1546389240000000000,109.012,109.025,109.012,109.025,60000000
1546389300000000000,109.025,109.045,109.025,109.045,60000000
1546389360000000000,109.046,109.072,109.046,109.072,60000000
1546389420000000000,109.073,109.105,109.073,109.105,60000000
1546389480000000000,109.106,109.144,109.106,109.144,60000000
1546389540000000000,109.145,109.188,109.145,109.188,60000000
1546389600000000000,109.189,109.237,109.189,109.237,60000000
1546389660000000000,109.238,109.289,109.238,109.289,60000000
1546389720000000000,109.290,109.345,109.290,109.345,60000000
1546389780000000000,109.346,109.403,109.346,109.403,60000000
1546389840000000000,109.404,109.462,109.404,109.462,60000000
1546389900000000000,109.463,109.522,109.463,109.522,60000000
1546389960000000000,109.523,109.582,109.523,109.582,60000000
1546390020000000000,109.583,109.640,109.583,109.640,60000000
1546390080000000000,109.641,109.697,109.641,109.697,60000000
1546390140000000000,109.698,109.751,109.698,109.751,60000000
1546390200000000000,109.752,109.801,109.752,109.801,60000000
1546390260000000000,109.802,109.847,109.802,109.847,60000000
1546390320000000000,109.848,109.888,109.848,109.888,60000000
1546390380000000000,109.889,109.924,109.889,109.924,60000000
1546390440000000000,109.925,109.954,109.925,109.954,60000000
1546390500000000000,109.954,109.977,109.954,109.977,60000000
1546390560000000000,109.977,109.993,109.977,109.993,60000000
1546390620000000000,109.993,110.003,109.993,110.003,60000000
1546390680000000000,110.003,110.005,110.003,110.005,60000000
1546390740000000000,110.005,110.005,110.000,110.000,60000000
1546390800000000000,110.000,110.000,109.988,109.988,60000000
1546390860000000000,109.988,109.988,109.969,109.969,60000000
1546390920000000000,109.968,109.968,109.943,109.943,60000000
1546390980000000000,109.943,109.943,109.911,109.911,60000000
1546391040000000000,109.911,109.911,109.873,109.873,60000000
1546391100000000000,109.873,109.873,109.830,109.830,60000000
1546391160000000000,109.829,109.829,109.782,109.782,60000000
1546391220000000000,109.782,109.782,109.731,109.731,60000000
1546391280000000000,109.730,109.730,109.675,109.675,60000000
1546391340000000000,109.675,109.675,109.618,109.618,60000000
1546391400000000000,109.617,109.617,109.559,109.559,60000000
1546391460000000000,109.558,109.558,109.499,109.499,60000000
1546391520000000000,109.498,109.498,109.439,109.439,60000000
1546391580000000000,109.438,109.438,109.380,109.380,60000000
1546391640000000000,109.379,109.379,109.323,109.323,60000000
1546391700000000000,109.322,109.322,109.269,109.269,60000000
1546391760000000000,109.268,109.268,109.218,109.218,60000000
1546391820000000000,109.217,109.217,109.171,109.171,60000000
1546391880000000000,109.170,109.170,109.129,109.129,60000000
1546391940000000000,109.128,109.128,109.092,109.092,60000000
1546392000000000000,109.091,109.091,109.061,109.061,60000000
1546392060000000000,109.061,109.061,109.037,109.037,60000000
1546392120000000000,109.036,109.036,109.019,109.019,60000000
1546392180000000000,109.019,109.019,109.009,109.009,60000000
1546392240000000000,109.008,109.008,109.005,109.005,60000000
1546392300000000000,109.005,109.009,109.005,109.009,60000000
1546392360000000000,109.009,109.019,109.009,109.019,60000000
1546392420000000000,109.020,109.037,109.020,109.037,60000000
1546392480000000000,109.038,109.062,109.038,109.062,60000000
1546392540000000000,109.062,109.093,109.062,109.093,60000000
1546392600000000000,109.093,109.130,109.093,109.130,60000000
1546392660000000000,109.130,109.172,109.130,109.172,60000000
1546392720000000000,109.172,109.219,109.172,109.219,60000000
1546392780000000000,109.220,109.270,109.220,109.270,60000000
1546392840000000000,109.271,109.324,109.271,109.324,60000000
1546392900000000000,109.325,109.382,109.325,109.382,60000000
1546392960000000000,109.382,109.440,109.382,109.440,60000000
1546393020000000000,109.441,109.500,109.441,109.500,60000000
1546393080000000000,109.501,109.560,109.501,109.560,60000000
1546393140000000000,109.561,109.619,109.561,109.619,60000000
1546393200000000000,109.620,109.677,109.620,109.677,60000000
1546393260000000000,109.678,109.732,109.678,109.732,60000000
1546393320000000000,109.733,109.783,109.733,109.783,60000000
1546393380000000000,109.784,109.831,109.784,109.831,60000000
1546393440000000000,109.832,109.874,109.832,109.874,60000000
1546393500000000000,109.875,109.912,109.875,109.912,60000000
1546393560000000000,109.912,109.944,109.912,109.944,60000000
