instrument_id,underlying,expiry_utc,expiry_ns,option_kind,strike_price,bid_price,ask_price,open_interest,underlying_price,ts_event_ns
BTC-25DEC26-55000-C.DERIBIT,BTC,2026-12-25,1798156800000000000,CALL,55000.00,13425.68,13973.66,360.0,65000.00,1790000000000000000
BTC-25DEC26-55000-P.DERIBIT,BTC,2026-12-25,1798156800000000000,PUT,55000.00,3071.27,3196.63,360.0,65000.00,1790000000000000000
BTC-25DEC26-60000-C.DERIBIT,BTC,2026-12-25,1798156800000000000,CALL,60000.00,10459.89,10886.83,380.0,65000.00,1790000000000000000
BTC-25DEC26-60000-P.DERIBIT,BTC,2026-12-25,1798156800000000000,PUT,60000.00,4955.10,5157.34,380.0,65000.00,1790000000000000000
BTC-25DEC26-65000-C.DERIBIT,BTC,2026-12-25,1798156800000000000,CALL,65000.00,8014.22,8341.34,400.0,65000.00,1790000000000000000
BTC-25DEC26-65000-P.DERIBIT,BTC,2026-12-25,1798156800000000000,PUT,65000.00,7359.03,7659.39,400.0,65000.00,1790000000000000000
BTC-25DEC26-70000-C.DERIBIT,BTC,2026-12-25,1798156800000000000,CALL,70000.00,6051.23,6298.21,380.0,65000.00,1790000000000000000
BTC-25DEC26-70000-P.DERIBIT,BTC,2026-12-25,1798156800000000000,PUT,70000.00,10245.64,10663.82,380.0,65000.00,1790000000000000000
BTC-25DEC26-75000-C.DERIBIT,BTC,2026-12-25,1798156800000000000,CALL,75000.00,4511.91,4696.07,360.0,65000.00,1790000000000000000
BTC-25DEC26-75000-P.DERIBIT,BTC,2026-12-25,1798156800000000000,PUT,75000.00,13555.91,14109.21,360.0,65000.00,1790000000000000000
BTC-26MAR27-55000-C.DERIBIT,BTC,2027-03-26,1806019200000000000,CALL,55000.00,16216.73,16878.63,360.0,65000.00,1790000000000000000
BTC-26MAR27-55000-P.DERIBIT,BTC,2027-03-26,1806019200000000000,PUT,55000.00,5333.35,5551.03,360.0,65000.00,1790000000000000000
BTC-26MAR27-60000-C.DERIBIT,BTC,2027-03-26,1806019200000000000,CALL,60000.00,13584.60,14139.08,380.0,65000.00,1790000000000000000
BTC-26MAR27-60000-P.DERIBIT,BTC,2027-03-26,1806019200000000000,PUT,60000.00,7502.72,7808.96,380.0,65000.00,1790000000000000000
BTC-26MAR27-65000-C.DERIBIT,BTC,2027-03-26,1806019200000000000,CALL,65000.00,11325.02,11787.26,400.0,65000.00,1790000000000000000
BTC-26MAR27-65000-P.DERIBIT,BTC,2027-03-26,1806019200000000000,PUT,65000.00,10044.65,10454.63,400.0,65000.00,1790000000000000000
BTC-26MAR27-70000-C.DERIBIT,BTC,2027-03-26,1806019200000000000,CALL,70000.00,9405.02,9788.90,380.0,65000.00,1790000000000000000
BTC-26MAR27-70000-P.DERIBIT,BTC,2027-03-26,1806019200000000000,PUT,70000.00,12926.17,13453.77,380.0,65000.00,1790000000000000000
BTC-26MAR27-75000-C.DERIBIT,BTC,2027-03-26,1806019200000000000,CALL,75000.00,7787.10,8104.94,360.0,65000.00,1790000000000000000
BTC-26MAR27-75000-P.DERIBIT,BTC,2027-03-26,1806019200000000000,PUT,75000.00,16109.75,16767.29,360.0,65000.00,1790000000000000000
