instrument_id,bid_price,ask_price,bid_size,ask_size,ts_event_ns
BTC-PERPETUAL.DERIBIT,64999.50,65000.50,10.000,10.000,1790000000000000000
BTC-PERPETUAL.DERIBIT,65004.50,65005.50,10.000,10.000,1790000001000000000
BTC-PERPETUAL.DERIBIT,65009.50,65010.50,10.000,10.000,1790000002000000000
BTC-PERPETUAL.DERIBIT,65014.50,65015.50,10.000,10.000,1790000003000000000
BTC-PERPETUAL.DERIBIT,65019.50,65020.50,10.000,10.000,1790000004000000000
BTC-PERPETUAL.DERIBIT,65024.50,65025.50,10.000,10.000,1790000005000000000
BTC-PERPETUAL.DERIBIT,65029.50,65030.50,10.000,10.000,1790000006000000000
BTC-PERPETUAL.DERIBIT,65034.50,65035.50,10.000,10.000,1790000007000000000
BTC-PERPETUAL.DERIBIT,65039.50,65040.50,10.000,10.000,1790000008000000000
BTC-PERPETUAL.DERIBIT,65044.50,65045.50,10.000,10.000,1790000009000000000
